- 0 N - Radio	https://0n-radio.radionetz.de/0n-radio.mp3	0	
- 0 N - 2000s on Radio	https://0n-2000s.radionetz.de/0n-2000s.aac	0	00er
- 0 N - 2010s on Radio	https://0n-2010s.radionetz.de/0n-2010s.mp3	0	10er
- 0 N - 50s on Radio	https://0n-50s.radionetz.de/0n-50s.mp3	0	50s
- 0 N - 60s on Radio	https://0n-60s.radionetz.de/0n-60s.mp3	0	60er
- 0 N - 70s on Radio	https://0n-70s.radionetz.de/0n-70s.mp3	0	70er
- 0 N - 80s on Radio	https://0n-80s.radionetz.de/0n-80s.mp3	0	80er
- 0 N - 90s on Radio	https://0n-90s.radionetz.de/0n-90s.mp3	0	90er
- 0 N - Black on Radio	https://0n-black.radionetz.de/0n-black.mp3	0	black
- 0 N - Blues on Radio	https://0n-blues.radionetz.de/0n-blues.mp3	0	blues
- 0 N - Charts on Radio	https://0n-charts.radionetz.de/0n-charts.mp3	0	dance
- 0 N - Chillout on Radio	https://0n-chillout.radionetz.de/0n-chillout.mp3	0	ambient
- 0 N - Christmas on Radio	https://0n-christmas.radionetz.de/0n-christmas.mp3	0	christmas
- 0 N - Classic Rock on Radio	https://0n-classicrock.radionetz.de/0n-classicrock.mp3	0	80er
- 0 N - Country on Radio	https://0n-country.radionetz.de/0n-country.mp3	0	country
- 0 N - Dance on Radio	https://0n-dance.radionetz.de/0n-dance.mp3	0	dance
- 0 N - Deutsch Pop on Radio	https://0n-deutschpop.radionetz.de/0n-deutschpop.mp3	0	balladen
- 0 N - Hits on Radio	https://0n-hits.radionetz.de/0n-hits.mp3	0	
- 0 N - Greatest Hits on Radio	http://0n-greatesthits.radionetz.de/0n-greatesthits.mp3	0	
- 0 N - Charts on Radio	http://0n-charts.radionetz.de/0n-charts.mp3	0	
- 0 N - Top 40 on Radio	http://0n-top40.radionetz.de/0n-top40.mp3	0	
- 0 N - Hot on Radio	http://0n-hot.radionetz.de/0n-hot.mp3	0	
- 0 N - Pop on Radio	http://0n-pop.radionetz.de/0n-pop.mp3	0	
- 0 N - Oldies on Radio	http://0n-oldies.radionetz.de/0n-oldies.mp3	0	
- 0 N - Evergreens on Radio	http://0n-evergreens.radionetz.de/0n-evergreens.mp3	0	
- 0 N - Gold  on Radio	http://0n-gold.radionetz.de/0n-gold.mp3	0	
- 0 N - Jukebox on Radio	http://0n-jukebox.radionetz.de/0n-jukebox.mp3	0	
- 0 N - Rock on Radio	http://0n-rock.radionetz.de/0n-rock.mp3	0	
- 0 N - Schlager on Radio	http://0n-schlager.radionetz.de/0n-schlager.mp3	0	
- 0 N - Jazz  on Radio	http://0n-jazz.radionetz.de/0n-jazz.mp3	0	
- 0 N - Relax on Radio	http://0n-relax.radionetz.de/0n-relax.mp3	0	
- 0 N - Lounge on Radio	http://0n-lounge.radionetz.de/0n-lounge.mp3	0	
- 0 N - Soft Pop on Radio	http://0n-softpop.radionetz.de/0n-softpop.mp3	0	
- 0 N - Love on Radio	http://0n-love.radionetz.de/0n-love.mp3	0	
- 0 N - Party on Radio	http://0n-party.radionetz.de/0n-party.mp3	0	
- 0 N - Deutsch Pop on Radio	http://0n-deutschpop.radionetz.de/0n-deutschpop.mp3	0	
- 0 N - Deutsch Rap on Radio	http://0n-deutschrap.radionetz.de/0n-deutschrap.mp3	0	
- 0 N - Disco on Radio	http://0n-disco.radionetz.de/0n-disco.mp3	0	
- 0 N - Techno on Radio	http://0n-techno.radionetz.de/0n-techno.mp3	0	
- 0 N - House on Radio	http://0n-house.radionetz.de/0n-house.mp3	0	
- 0 N - Electro on Radio	http://0n-electro.radionetz.de/0n-electro.mp3	0	
- 0 N - Gothic on Radio	http://0n-gothic.radionetz.de/0n-gothic.mp3	0	
- 0 N - New Wave on Radio	http://0n-newwave.radionetz.de/0n-newwave.mp3	0	
- 0 N - Indie on Radio	http://0n-indie.radionetz.de/0n-indie.mp3	0	
- 0 N - Classic Rock on Radio	http://0n-classicrock.radionetz.de/0n-classicrock.mp3	0	
- 0 N - Heavy Metal on Radio	http://0n-heavymetal.radionetz.de/0n-heavymetal.mp3	0	
- 0 N - Deutsch Rock on Radio	http://0n-deutschrock.radionetz.de/0n-deutschrock.mp3	0	
- 0 N - Soft Rock on Radio	http://0n-softrock.radionetz.de/0n-softrock.mp3	0	
- 0 N - Smooth Jazz on Radio	http://0n-smoothjazz.radionetz.de/0n-smoothjazz.mp3	0	
- 0 N - Blues on Radio	http://0n-blues.radionetz.de/0n-blues.mp3	0	
- 0 N - Klassik on Radio	http://0n-klassik.radionetz.de/0n-klassik.mp3	0	
- 0 N - Movies on Radio	http://0n-movies.radionetz.de/0n-movies.mp3	0	
- 0 N - Reggae on Radio	http://0n-reggae.radionetz.de/0n-reggae.mp3	0	
- 0 N - Latin on Radio	http://0n-latin.radionetz.de/0n-latin.mp3	0	
- 0 N - K-Pop on Radio	http://0n-kpop.radionetz.de/0n-kpop.mp3	0	
- 0 N - Gay on Radio	http://0n-gay.radionetz.de/0n-gay.mp3	0	
- 0 N - Christmas on Radio	http://0n-christmas.radionetz.de/0n-christmas.mp3	0	
- 0 N - Weihnachten on Radio	http://0n-weihnachten.radionetz.de/0n-weihnachten.mp3	0	
BurnFM	http://burnfm.radionetz.de/burn-fm.mp3	0	
