- 0 N - Blues on Radio	https://0n-blues.radionetz.de/0n-blues.mp3	0
1.FM - Blues Radio	http://strm112.1.fm/blues_mobile_mp3	0
61 BLUES	https://hts06.brascast.com:10182/live	0
A MISSISSIPPI BLUES	https://cast1.torontocast.com:4450/;?type=http&nocache=1745625391	0
Aardvark Blues	http://streaming.live365.com/b77280_128mp3	0
Aardvark Blues FM	https://ais-sa5.cdnstream1.com/b77280_128mp3	0
All Blues Radio	http://equinox.shoutca.st:8788/;	0
Allzic Radio Blues	http://allzic09.ice.infomaniak.ch/allzic09.mp3	0
Bar Legend Radio	https://solid24.streamupsolutions.com/proxy/nilxzqeg?mp=/stream	0
Big Blue Swing 	http://radio.bigblueswing.com:8002/;64bit.mp3	0
Blues - Caprice Radio	http://79.120.77.11:8000/blues	0
Blues & Rock Radio	http://stream.laut.fm/bluesrock	0
Blues Club - Laut.FM	http://stream.laut.fm/bluesclub	0
Blues Radio Greece	http://cast3.radiohost.ovh:8352/	0
BluesRadio (MRG.fm)	http://listen.mrg.fm:8188/stream	0
BluesWave Radio 	https://blueswave.radio:8100/hifiblues	0
Classic 21 Blues	http://radios.rtbf.be/wr-c21-blues-128.mp3	0
Country/folk blues - Radio Caprice	http://79.120.77.11:8004/countryblues	0
EBS | Blues	https://azura.ebsmedia.ro/listen/blues/blues128.mp3	0
Exclusive BB King	https://streaming.exclusive.radio/er/bbking/icecast.audio	0
Exclusively Allman Brothers	https://streaming.exclusive.radio/er/allmanbrothers/icecast.audio	0
Exclusively Ella Fitzgerald	https://2.mystreaming.net/er/ellafitzgerald/icecast.audio	0
Exclusively John Lee Hooker	https://streaming.exclusive.radio/er/johnleehooker/icecast.audio	0
Exclusively Tom Waits	https://nl4.mystreaming.net/er/tomwaits/icecast.audio	0
GotRadio - Bit O Blues	http://pureplay.cdnstream1.com/6019_128.mp3	0
Houston Blues Radio	http://edge3.peta.live365.net/b76353_128mp3	0
Jazz Radio Blues	http://jazzblues.ice.infomaniak.ch/jazzblues-high.mp3	0
JazzRadio.fr Blues	https://jazzblues.ice.infomaniak.ch/jazzblues-high.mp3	0
Joint Radio Blues Rock	https://jointil.com/stream-blues	0
Jump Blues - Caprice Radio	http://213.141.131.10:8000/jumpblues	0
Laut.FM BluesRockCafe	http://stream.laut.fm/bluesrockcafe	0
Louisiana/Swamp/New Orleans Blues - Radio Caprice	http://213.141.131.10:8004/louisianablues	0
Pinguin Blues	https://samcloud.spacial.com/api/listen?sid=93462&m=sc&rid=168006	0
Radio Art - Acoustic Blues	http://air.radioart.com/fAcoustic_blues.mp3	0
Radio Art Acoustic Blues	https://live.radioart.com/fAcoustic_blues.mp3	0
Radio Blues Djerdan	https://stream.zeno.fm/vxr78nb51k8uv	0
Radio Caprice - Chicago blues	http://79.111.14.76:8000/chicagoblues	0
Radio Caprice - Harmonica Blues	http://79.120.39.202:9081/	0
Radio Free Americana	https://thassos.cdnstream.com:9950/stream	0
RadioArt: Just Blues	http://live.radioart.com/fJust_blues.mp3	0
RMF Blues	http://31.192.216.10/BLUES	0
Rock and Blues Athens	https://tls-chrome.live24.gr/3253?http://78.129.132.7:35663/	0
ROCK ANTENNE BLUES ROCK	https://stream.rockantenne.de/hair-metal/stream/mp3	0
Rock Fm Blues	https://live.rockfm.ro/blues	0
Rock The Blues	http://stream.laut.fm/rock-the-blues	0
Rock The World - Blues Rock	https://drive.uber.radio/uber/rtwblues/icecast.audio	0
Slide Guitar / Caprice Radio	http://213.141.131.10:8000/slideguitar	0
Texas Blues - Radio Caprice	http://79.111.14.76:8004/texasblues	0
Too Much Too Soon Radio	http://streaming.live365.com/a15209	0
Virgin Radio Rockstar: Rolling Stones	https://icy.unitedradio.it/VirginSpecialEvent.mp3	0
WDCB 90.9	http://wdcb-ice.streamguys.org/wdcb128	0
WGMC	http://greece-media.monroe.edu/wgmc3.mp3	0
WUMB Blues Boston 91.9	http://wumb.streamguys1.com/wumb919fast	0
WWOZ 90.7 New Orleans, LA	http://wwoz-sc.streamguys.com/wwoz-hi.mp3	0
Радио Монте Карло - Wonderful Blues	https://mc-blues.hostingradio.ru/blues96.aacp	0
