Спокойное радио	https://listen1.myradio24.com/6262	0	ambient
Radio Schizoid - Chillout / Ambient	http://94.130.113.214:8000/chill	0	chill
ABC Lounge Radio	https://eu1.fastcast4u.com/proxy/kpmxz?mp=/1	0	ambient
Antenne Bayern - Chillout	http://mp3channels.webradio.antenne.de/chillout	0	chillout
Radio Monte Carlo 105.9 FM	https://icecast227.ptspb.ru:8443/monte	0	chillhouse
Smooth Chill	https://media-ssl.musicradio.com/ChillMP3	0	chillout
1.FM - Chillout Lounge Radio	http://strm112.1.fm/chilloutlounge_mobile_mp3	0	chillout
Costa Del Mar - Chillout	http://stream.cdm-chillout.com:8020/stream-AAC-Chill	0	chill
REGGAE CHILL CAFE	https://maggie.torontocast.com:2020/stream/reggaechillcafe	0	chill
dinamo.fm sleep	http://channels.dinamo.fm/sleep-mp3	0	ambient
- 0 N - Chillout on Radio	https://0n-chillout.radionetz.de/0n-chillout.aac	0	ambient
- 0 N - Smooth Jazz on Radio	https://0n-smoothjazz.radionetz.de/0n-smoothjazz.aac	0	chillout
Enigmatic 3 - Magnetic Chillout	http://radio.enigmatic.su:8050/radio	0	ambient
Chill FM Romania	http://edge126.rdsnet.ro:84/profm/chillfm.mp3	0	chill
VIP-Radios - Time To Relax	http://178.32.111.41:8048/stream-128kmp3-TimeToRelax	0	chillout
Sunshine Live - Chillout	http://stream.sunshine-live.de/sp8/mp3-192/stream.sunshine-live.de/	0	chillout
Chillout Ibiza FM	https://edge3.peta.live365.net/b05055_128mp3	0	chillout
1.FM - Ibiza Chill Tropical	http://strm112.1.fm/ibizachill_mobile_mp3?aw_0_req.gdpr=true	0	chill
Radio Art - Chillout	http://air.radioart.com/fChillout.mp3	0	chillout
TOP 100 CLUB CHARTS	https://breakz-2012-high.rautemusik.fm/?ref=radiobrowser-top100-clubcharts	0	chill
Frisky Chill	http://chill.friskyradio.com/friskychill_mp3_high	0	chillout
Psyndora Chillout	http://cast.magicstreams.gr:9125/stream	0	chill
Luxury Lounge	http://188.40.109.122:8000/ices3	0	chillout
Naxi Radio	http://naxidigital-cafe128.streaming.rs:8020/;stream.nsv	0	chill
Radio Caprice - Erotic	http://79.120.39.202:8000/erotic	0	chill
EPIC CLASSICAL	https://stream.epic-classical.com/classical-music-for-sleep	0	ambient
Relax FM Chillout	https://pub0201.101.ru/stream/trust/mp3/128/24?	0	chill
Epic Lounge - SLEEP & MEDITATION	https://stream.epic-lounge.com/sleep-meditation?ref=radiobrowser	0	ambient and relaxation music
Sovietwave	http://station.waveradio.org/soviet.mp3	0	chillout
AIRPORT LOUNGE RADIO	https://az1.mediacp.eu/listen/airport-lounge-radio/radio.mp3	0	aereoporto
DnB&EDM	https://edmdnb.com:448/radio/8000/radio.mp3	0	chillstep
SBS Chill	http://sbs-ice.streamguys1.com/sbschill	0	chillout
Psyradio * fm - chillout	http://streamer.psyradio.org:8020/;listen.mp3	0	chillout
Nightride FM - Chillsynth	https://stream.nightride.fm/chillsynth.mp3	0	chillsynth
CHILLOUT PIANO by Epic Piano	https://stream.epic-piano.com/chillout-piano?ref=radiobrowser	0	chillout
Радио Романтика	https://pub0202.101.ru:8443/stream/air/aac/64/101	0	chillout
Allzic Radio Chill Out	http://allzic53.ice.infomaniak.ch/allzic53.mp3	0	chillout
Traxx FM - Ambient	http://traxx011.ice.infomaniak.ch/traxx011-low.mp3	0	ambient
Chill Lounge Florida (USA)	https://vip2.fastcast4u.com/proxy/chillfla?mp=/1	0	ambient
ABradio Chillout	http://mp3stream4.abradio.cz/chillout128.mp3	0	chillout
Nightwave Plaza OPUS 96	http://radio.plaza.one/opus	0	aesthetic
RadiOzora Chill	http://chill.out.airtime.pro:8000/chill_a	0	chill
Lofi 24/7	http://usa9.fastcast4u.com/proxy/jamz?mp=/1	0	chillout
Epic Lounge - CHILLOUT LOUNGE	https://stream.epic-lounge.com/chillout-lounge?ref=radiobrowser	0	ambient
Vanilla	https://play.global.audio/vanillahi.aac	0	chill out
Chillout Tree Pines	http://n0f.radiojar.com/n4dzb3znn3quv.mp3?rj-ttl=5&rj-tok=AAABeKi_TokAUTY4EzBEHHiJzQ	0	chillout
Chilltrax	http://server1.chilltrax.com:9050/;	0	chillout
1.FM - Afterbeat Electronica Radio	http://strm112.1.fm/electronica_mobile_mp3	0	chillout
A.M. ambient	http://radio.stereoscenic.com/ama-h	0	ambient
Seven Rays - 7rays	http://7rays.stream.laut.fm/7rays	0	ambient
Kaaosradio - 24h Chill	http://stream.kaaosradio.fi:8000/chill	0	chillout
Ambient Sleeping Pill	http://radio.stereoscenic.com/asp-h	0	ambient
Cryosleep	http://streams.echoesofbluemars.org:8000/cryosleep	0	ambient
Total instrumental	http://stream.laut.fm/total-instrumental	0	ambient
Dinamo.fm sleep	http://channels.dinamo.fm/sleep-mp3	0	ambient
Radio Art - Meditation	http://air-tunein.radioart.com/fMeditation.mp3	0	ambient
AIRPORT LOUNGE RADIO	https://az1.mediacp.eu/listen/airport-lounge-radio/radio.mp3	0	aereoporto
MyNoise Pure Nature	https://purenature-mynoise.radioca.st/stream	0	ambient
Radio Nature	https://stream.zeno.fm/3ac97ysh6f0uv.aac	0	ambient and relaxation music
Slow Focus | NTS	https://stream-mixtape-geo.ntslive.net/mixtape	0	ambient
Ambient.fm	https://ambient.fm/live/	0	ambient
Darkwaveradio	https://live.webhosting4u.gr:1185/stream	0	chill
1 A - Relax von 1A Radio	https://1a-relax.radionetz.de/1a-relax.mp3	0	ambient
Positively Meditation -om	https://streaming.positivity.radio/pr/posimeditation/icecast.audio	0	ambient and relaxation music
Positively Sleep Relax -om	https://streaming.positivity.radio/pr/sleeprelax/icecast.audio	0	ambient and relaxation music
MyNoise Siren Songs	http://sirensongs-mynoise.radioca.st/stream	0	ambient
Black Rhino Radio	https://blackrhinoradio.out.airtime.pro/blackrhinoradio_a	0	ambient
N05 NATURE EN	https://www.radioking.com/play/the-river-of-calm/88075	0	ambient
Concertzender De Gehoorde Stilte	http://streams.greenhost.nl:8080/gehoordestilte	0	ambient
CoSTa's Ambient Radio	https://pc.costa-server.info.pl:11020/listen/costas_ambient_radio/radio.mp3	0	ambient
RMF Chillout	http://31.192.216.8/CHILLOUT	0	chillout
Radio Pasja - Chillout	http://91.232.4.33:8108/stream2	0	chillout
Chillizet Ladies -om	https://ch01.cdn.eurozet.pl/CHILAD.mp3?t=1709721264195?redirected=01	0	chill
