Chocolate FM	http://streaming5.elitecomunicacion.es:8082/live.mp3	0	
Cumbias Inmortales Radio (Monterrey)	https://panel.retrolandigital.com/listen/cumbias_inmortales_radio/listen	0	
Top Latino	http://online.radiodifusion.net:8020/stream	0	
Radio Cumbia 90s	https://emiteradio.com/proxy/cumbia90s?mp=/stream	0	
Cuban Flow Radio	http://nap.casthost.net:9194/stream.mp3	0	
BANDA 93.3 (Monterrey)	https://playerservices.streamtheworld.com/api/livestream-redirect/XHQQ_FMAAC.aac	0	
Jazz Radio Latin Jazz	http://jazz-wr09.ice.infomaniak.ch/jazz-wr09-128.mp3	0	
Barranquilla Estereo	http://radio.yaservers.com:8197/;stream.mp3	0	
Exa FM 101.7 Guatemala	https://stream.zeno.fm/czdkk32qduhvv	0	
Romántica (Ciudad de México)	https://ss1.audiorama.com.mx:6582/stream	0	
ABC Portugal	http://centova.radio.com.pt:8547/;	0	
Loca FM Urban	http://locafm02.we4stream.com:8015/live	0	
Relax FM Latino	https://pub0302.101.ru:8443/stream/trust/mp3/128/265	0	
Hi On Line World Radio	http://mediaserv38.live-streams.nl:8027/live	0	
Top Urbano	https://radio.dominiserver.com/proxy/topurbano?mp=/stream	0	
Oldies Internet Radio	https://panel.retrolandigital.com/listen/oldies_internet_radio/listen	0	
Salsa México	https://radiolatina.info/8064/stream	0	
Guitarra Clásica LatAm	http://stream.zeno.fm/y3428vcm6yzuv	0	
Allzic Radio Latino	http://allzic39.ice.infomaniak.ch/allzic39.mp3	0	
Ritmo 96.5 FM	https://stream-49.zeno.fm/y0br5ck4ququv?zs=2R5Njz6XShSzNF_ProbdIA	0	
Globo 98.9 Guatemala	https://playerservices.streamtheworld.com/api/livestream-redirect/GLOBO_989AAC.aac	0	
Urban Hit - Latino	http://urbanhitreggeaton.ice.infomaniak.ch/urbanhitreggeaton-128.mp3?	0	latino
Caracas. Salsa Romántica...	https://stream.zeno.fm/ftly191pojttv	0	latino
Tropicanal 98.9 FM	http://stream.zeno.fm/kmnekh2929duv	0	
SALSA  by rautemusik (rm.fm)	https://salsa-high.rautemusik.fm/?ref=radiobrowser	0	
Radio Popular 1230 AM	http://stream-50.zeno.fm/py6f6znfntzuv?zs=noiOyzMaTqWxs_wNcfkWgg&1679303614411	0	
DJS EN ACCION CLUB	https://cast3.asurahosting.com/proxy/djsenacc/stream	0	
EXA FM Honduras: Tegucigalpa	https://stream.zeno.fm/0n4tnx3wd5zuv	0	
Miss 104 FM	https://radio.dominiserver.com/proxy/miss104fm?mp=/stream	0	
Radio Ultimito Mix	https://usa4.fastcast4u.com/proxy/rwrw1?mp=/1	0	
La Grande 99.3 FM	https://stream.zeno.fm/f1bgph3ve0quv	0	
Aire FM 100.3 FM	https://airefm-1.nty.uy/:8030/;	0	
Estéreo Azul 100.9 FM	https://playerservices.streamtheworld.com/api/livestream-redirect/ESTEREOAZULAAC.aac	0	
La Ke Buena Culiacán - 91.9 FM	http://stream.zeno.fm/0a9m8eb29nhvv	0	
Blast panama	https://stream.mixesurbanospty.com:8020/blasturbana.mp3	0	
Rumbera  98.7 FM	https://stream.zeno.fm/85y72q4wzdfuv	0	
Fabulosa Estéreo 100.5 FM	https://www.streaming507.net:8130/stream	0	
Salsa y mas Cali	https://stream.zeno.fm/42w3pfn7pzzuv	0	latino
La Central 103.7 FM	https://radio.videct.com/8176/stream	0	
Salsa y mas Cali	https://stream.zeno.fm/42w3pfn7pzzuv	0	latino
Caribean FM 105.1	https://sh4.radioonlinehd.com:8547/stream	0	
Dominicana FM 98.9 y 99.9 FM	https://protvradiostream.com:8610/;	0	
Caracas. Salsa Brava...	https://stream.zeno.fm/fq0c9ohszctuv	0	latino
Radio Continental 99.7 FM	https://stream-154.zeno.fm/bdnz2z7rnwzuv?zs=E1YbP0AVR4KD_2mbCSafsQ	0	
0nlineradio LATIN	https://stream.0nlineradio.com/latin?ref=radiobrowser	0	
Hits (Tampico) - 88.5 FM	https://playerservices.streamtheworld.com/api/livestream-redirect/XHFW_SC	0	
ZET Latino	https://ch.cdn.eurozet.pl/ZETLTN.mp3	0	latino
Radio Amambay 100.5 FM	http://cp9.serverse.com:7221/stream	0	latino
Remix Music Radio Web	https://stream.zeno.fm/s4vcagrndg8uv?1730221729450	0	
Radio Punto 90.5 Guatemala	http://stream.zeno.fm/qzhqyu07dkhvv	0	
Radio Miraflores 95.9 FM	https://stream.zeno.fm/prcs4h7d9k8uv	0	
Radio Farra 101.3 FM	https://rfs1.farra.com.py:9433/stream	0	latino
MIX (León) - 103.1 FM	https://playerservices.streamtheworld.com/api/livestream-redirect/XHXFAAC.aac	0	
100 % SALSA	https://stm01.streammaximum.com:8194/;	0	latino
BUENA COMPAÑÍA 94.1 FM	https://stream.zeno.fm/ekzk93vtmchvv	0	
Radio Petrolera	https://rr5100.globalhost1.com/8508/live	0	
SIERRA 99.1 FM	https://stream.zeno.fm/9m95mfutymruv	0	
Utopica stereo	https://server6.globalhostla.com:9104/stream	0	salsa
Tropicalisima FM Salsa	http://tropicalisima.org:8020/stream	0	
El Sol (Medellín) 107.9 FM	https://us-b4-p-e-qg12-audio.cdn.mdstrm.com/live-audio-aw/632c9d30aa9ace684913b853	0	salsa
Salsa One Radio	http://server7.servistreaming.com:10006/stream	0	salsa
Z 92 (Miami) - 92.3 FM	https://liveaudio.lamusica.com/MIA_WCMQ_icy	0	
RMF Cuba	http://31.192.216.8/CUBA	0	cuban
Radio Caprice - Latin / Afro-Cuban Jazz	http://79.111.119.111:8002/latinjazz	0	
Onda Latina	http://stream.laut.fm/ondalatina	0	bossa nova
RITMO 95	https://liveaudio.lamusica.com/MIA_WRMA_icy?	0	
1.FM - Samba Hits Brazil Radio	http://strm112.1.fm/samba_mobile_mp3	0	samba
Radio Art - Bossa Nova	http://air-tunein.radioart.com/fBosa_nova.mp3	0	bossa nova
Rádio Batuta MPB	http://radioims.out.airtime.pro:8000/radioims_a	0	
Klassik Radio - Brazil	http://stream.klassikradio.de/brazil/mp3-128/	0	bossa nova
1.FM - Samba Rock Radio	http://strm112.1.fm/sambarock_mobile_mp3	0	samba
BH FM 102,1 MHz	https://playerservices.streamtheworld.com/api/livestream-redirect/BHFMAAC.aac	0	
Bossa Beyond (Special)	https://ice2.somafm.com/bossa-128-mp3	0	bossa nova
101.9 Radio Educativa - Campinas	http://streaming.ima.sp.gov.br:8000/educativa.mp3	0	samba
La Clave Stereo 93.6	https://stream.integracionvirtual.com/proxy/laclavestereo?mp=/stream	0	latino
Radio Regenbogen Sommerhits	https://stream.regenbogen.de/sommerhits/aac-128/radiobrowser	0	
- 0 N - Latin on Radio	https://0n-latin.radionetz.de/0n-latin.mp3	0	latino
BigFM Latin Beats	https://stream.bigfm.de/latin/mp3-128/radio-browser	0	
Caribe Rumba	https://stream.zeno.fm/gq47fz6ewg0uv	0	
Salsa Clásica Éxitos	http://stream.zeno.fm/2uva4f786reuv	0	cuban
